id, name, country, age, salaire
0, Stephenie, Kuwait, 60, 7733.087032025263
1, Elysha, Oman, 63, 6183.928706766538
2, Corvese, Qatar, 65, 4673.321363312196
3, Shantha, Switzerland, 24, 4882.363259160047
4, Kreis, Moldova, 61, 5695.886562932249
5, Cerell, North Korea, 43, 6969.487033773734
6, Sheaff, Yemen, 27, 1404.128721750811
7, Panta, Macedonia, 46, 4920.815110081066
8, Ivan, Italy, 59, 7380.594187995717
9, Anthea, Malaysia, 30, 1293.7244877696066